insert into word_fr (word, videoLink, contextSentence, popularity) values("père", "https://www.youtube.com/embed/tSHuhgXpiuQ", "C'est mon père !", 9);
insert into word_fr (word, videoLink, contextSentence, popularity) values("mot", "https://www.youtube.com/embed/tSHuhgXpiuQ", "Une phrase est construite avec des mots", 8);
insert into word_fr (word, videoLink, contextSentence, popularity) values("oui", "https://www.youtube.com/embed/tSHuhgXpiuQ?rel=0", "je vous repond oui !", 42);
insert into word_fr (word, videoLink, contextSentence, popularity) values("manger", "https://www.youtube.com/embed/tSHuhgXpiuQ?rel=0", "j'adore manger", 823);
insert into word_fr (word, videoLink, contextSentence, popularity) values("vendre", "https://www.youtube.com/embed/tSHuhgXpiuQ?rel=0", "Je vend ma maison", 12);
insert into word_fr (word, videoLink, contextSentence, popularity) values("Terre", "https://www.youtube.com/embed/tSHuhgXpiuQ?rel=0", "La Terre est ronde", 38);
insert into word_fr (word, videoLink, contextSentence, popularity) values("souris", "https://www.youtube.com/embed/tSHuhgXpiuQ?rel=0", "Une souris verte", 28);
insert into word_fr (word, videoLink, contextSentence, popularity) values("canard", "https://www.youtube.com/embed/tSHuhgXpiuQ?rel=0", "Un canard jaune", 82);
insert into word_fr (word, videoLink, contextSentence, popularity) values("envoyer", "https://www.youtube.com/embed/tSHuhgXpiuQ?rel=0", "envoyer un cadeau", 1);
insert into word_fr (word, videoLink, contextSentence, popularity) values("tirer", "https://www.youtube.com/embed/tSHuhgXpiuQ?rel=0", "tirer sur des cibles", 10);
insert into word_fr (word, videoLink, contextSentence, popularity) values("non", "https://www.youtube.com/embed/tSHuhgXpiuQ?rel=0", "Non, je ne suis pas d'accord", 10);
insert into word_fr (word, videoLink, contextSentence, popularity) values("bonjour", "https://www.youtube.com/embed/tSHuhgXpiuQ?rel=0", "Boujour la France !", 10);
insert into word_fr (word, videoLink, contextSentence, popularity) values("bonsoir", "https://www.youtube.com/embed/tSHuhgXpiuQ?rel=0", "Bonsoir la France !", 10);
insert into word_fr (word, videoLink, contextSentence, popularity) values("montrer", "https://www.youtube.com/embed/tSHuhgXpiuQ?rel=0", "Je vais vous montrer", 10);
insert into word_fr (word, videoLink, contextSentence, popularity) values("ouvrir", "https://www.youtube.com/embed/tSHuhgXpiuQ?rel=0", "Peux-tu ouvrir la porte s'il te plaît ?", 10);
insert into word_fr (word, videoLink, contextSentence, popularity) values("fermer", "https://www.youtube.com/embed/tSHuhgXpiuQ?rel=0", "Peux-tu fermer la porte s'il te plaît ?", 10);
insert into word_fr (word, videoLink, contextSentence, popularity) values("crayon", "https://www.youtube.com/embed/tSHuhgXpiuQ?rel=0", "J'ai un crayon", 10);
insert into word_fr (word, videoLink, contextSentence, popularity) values("règle", "https://www.youtube.com/embed/tSHuhgXpiuQ?rel=0", "Il y a des règles à respecter", 10);

insert into word_en (word, videoLink, contextSentence, popularity) values("father", "https://www.youtube.com/embed/tSHuhgXpiuQ?rel=0", "It's my father !", 2);
insert into word_en (word, videoLink, contextSentence, popularity) values("word", "https://www.youtube.com/embed/tSHuhgXpiuQ?rel=0", "A sentence is built with words", 58);
insert into word_en (word, videoLink, contextSentence, popularity) values("yes", "https://www.youtube.com/embed/tSHuhgXpiuQ?rel=0", "I answer you yes !", 22);
insert into word_en (word, videoLink, contextSentence, popularity) values("eat", "https://www.youtube.com/embed/tSHuhgXpiuQ?rel=0", "I love eat", 23);
insert into word_en (word, videoLink, contextSentence, popularity) values("sell", "https://www.youtube.com/embed/tSHuhgXpiuQ?rel=0", "I sale my house", 12);
insert into word_en (word, videoLink, contextSentence, popularity) values("earth", "https://www.youtube.com/embed/tSHuhgXpiuQ?rel=0", "Earth is round", 8);
insert into word_en (word, videoLink, contextSentence, popularity) values("mouse", "https://www.youtube.com/embed/tSHuhgXpiuQ?rel=0", "a green mouse", 8);
insert into word_en (word, videoLink, contextSentence, popularity) values("duck", "https://www.youtube.com/embed/tSHuhgXpiuQ?rel=0", "a yellow duck", 2);
insert into word_en (word, videoLink, contextSentence, popularity) values("send", "https://www.youtube.com/embed/tSHuhgXpiuQ?rel=0", "to send a gift", 81);
insert into word_en (word, videoLink, contextSentence, popularity) values("shoot", "https://www.youtube.com/embed/tSHuhgXpiuQ?rel=0", "to shoot on target", 0);
insert into word_en (word, videoLink, contextSentence, popularity) values("no", "https://www.youtube.com/embed/tSHuhgXpiuQ?rel=0", "No I don't agree", 10);
insert into word_en (word, videoLink, contextSentence, popularity) values("good morning", "https://www.youtube.com/embed/tSHuhgXpiuQ?rel=0", "Good morning France !", 10);
insert into word_en (word, videoLink, contextSentence, popularity) values("good afternoon", "https://www.youtube.com/embed/tSHuhgXpiuQ?rel=0", "Good afternoon France !", 10);
insert into word_en (word, videoLink, contextSentence, popularity) values("show", "https://www.youtube.com/embed/tSHuhgXpiuQ?rel=0", "I will show you", 10);
insert into word_en (word, videoLink, contextSentence, popularity) values("open", "https://www.youtube.com/embed/tSHuhgXpiuQ?rel=0", "Can you open the door please ?", 10);
insert into word_en (word, videoLink, contextSentence, popularity) values("close", "https://www.youtube.com/embed/tSHuhgXpiuQ?rel=0", "Can you close the door please ?", 10);
insert into word_en (word, videoLink, contextSentence, popularity) values("pencil", "https://www.youtube.com/embed/tSHuhgXpiuQ?rel=0", "I have a pencil", 10);
insert into word_en (word, videoLink, contextSentence, popularity) values("rule", "https://www.youtube.com/embed/tSHuhgXpiuQ?rel=0", "There are rules to respect", 10);

insert into traductionfren (word_fr_id, word_en_id) values(1, 1);
insert into traductionfren (word_fr_id, word_en_id) values(2, 2);
insert into traductionfren (word_fr_id, word_en_id) values(3, 3);
insert into traductionfren (word_fr_id, word_en_id) values(4, 4);
insert into traductionfren (word_fr_id, word_en_id) values(5, 5);
insert into traductionfren (word_fr_id, word_en_id) values(6, 6);
insert into traductionfren (word_fr_id, word_en_id) values(7, 7);
insert into traductionfren (word_fr_id, word_en_id) values(8, 8);
insert into traductionfren (word_fr_id, word_en_id) values(9, 9);
insert into traductionfren (word_fr_id, word_en_id) values(10, 10);
insert into traductionfren (word_fr_id, word_en_id) values(11, 11);
insert into traductionfren (word_fr_id, word_en_id) values(12, 12);
insert into traductionfren (word_fr_id, word_en_id) values(13, 13);
insert into traductionfren (word_fr_id, word_en_id) values(14, 14);
insert into traductionfren (word_fr_id, word_en_id) values(15, 15);
insert into traductionfren (word_fr_id, word_en_id) values(16, 16);
insert into traductionfren (word_fr_id, word_en_id) values(17, 17);
insert into traductionfren (word_fr_id, word_en_id) values(18, 18);


insert into exercisesignification_video_en (solution, videoLink, word_en_id) values("Dieu", "https://www.youtube.com/embed/tSHuhgXpiuQ?rel=0", 1);
insert into exercisesignification_video_en (solution, videoLink, word_en_id) values("Dieu", "https://www.youtube.com/embed/tSHuhgXpiuQ?rel=0", 2);
insert into exercisesignification_video_en (solution, videoLink, word_en_id) values("Dieu", "https://www.youtube.com/embed/tSHuhgXpiuQ?rel=0", 3);
insert into exercisesignification_video_en (solution, videoLink, word_en_id) values("Dieu", "https://www.youtube.com/embed/tSHuhgXpiuQ?rel=0", 4);
insert into exercisesignification_video_en (solution, videoLink, word_en_id) values("Dieu", "https://www.youtube.com/embed/tSHuhgXpiuQ?rel=0", 5);
insert into exercisesignification_video_en (solution, videoLink, word_en_id) values("Dieu", "https://www.youtube.com/embed/tSHuhgXpiuQ?rel=0", 6);
insert into exercisesignification_video_en (solution, videoLink, word_en_id) values("Dieu", "https://www.youtube.com/embed/tSHuhgXpiuQ?rel=0", 7);
insert into exercisesignification_video_en (solution, videoLink, word_en_id) values("Dieu", "https://www.youtube.com/embed/tSHuhgXpiuQ?rel=0", 8);
insert into exercisesignification_video_en (solution, videoLink, word_en_id) values("Dieu", "https://www.youtube.com/embed/tSHuhgXpiuQ?rel=0", 9);
insert into exercisesignification_video_en (solution, videoLink, word_en_id) values("Dieu", "https://www.youtube.com/embed/tSHuhgXpiuQ?rel=0", 10);
insert into exercisesignification_video_en (solution, videoLink, word_en_id) values("Dieu", "https://www.youtube.com/embed/tSHuhgXpiuQ?rel=0", 11);
insert into exercisesignification_video_en (solution, videoLink, word_en_id) values("Dieu", "https://www.youtube.com/embed/tSHuhgXpiuQ?rel=0", 12);
insert into exercisesignification_video_en (solution, videoLink, word_en_id) values("Dieu", "https://www.youtube.com/embed/tSHuhgXpiuQ?rel=0", 13);
insert into exercisesignification_video_en (solution, videoLink, word_en_id) values("Dieu", "https://www.youtube.com/embed/tSHuhgXpiuQ?rel=0", 14);
insert into exercisesignification_video_en (solution, videoLink, word_en_id) values("Dieu", "https://www.youtube.com/embed/tSHuhgXpiuQ?rel=0", 15);
insert into exercisesignification_video_en (solution, videoLink, word_en_id) values("Dieu", "https://www.youtube.com/embed/tSHuhgXpiuQ?rel=0", 16);
insert into exercisesignification_video_en (solution, videoLink, word_en_id) values("Dieu", "https://www.youtube.com/embed/tSHuhgXpiuQ?rel=0", 17);
insert into exercisesignification_video_en (solution, videoLink, word_en_id) values("Dieu", "https://www.youtube.com/embed/tSHuhgXpiuQ?rel=0", 18);

insert into exercisesignification_video_fr (solution, videoLink, word_fr_id) values("Dieu", "https://www.youtube.com/embed/tSHuhgXpiuQ?rel=0", 1);
insert into exercisesignification_video_fr (solution, videoLink, word_fr_id) values("Dieu", "https://www.youtube.com/embed/tSHuhgXpiuQ?rel=0", 2);
insert into exercisesignification_video_fr (solution, videoLink, word_fr_id) values("Dieu", "https://www.youtube.com/embed/tSHuhgXpiuQ?rel=0", 3);
insert into exercisesignification_video_fr (solution, videoLink, word_fr_id) values("Dieu", "https://www.youtube.com/embed/tSHuhgXpiuQ?rel=0", 4);
insert into exercisesignification_video_fr (solution, videoLink, word_fr_id) values("Dieu", "https://www.youtube.com/embed/tSHuhgXpiuQ?rel=0", 5);
insert into exercisesignification_video_fr (solution, videoLink, word_fr_id) values("Dieu", "https://www.youtube.com/embed/tSHuhgXpiuQ?rel=0", 6);
insert into exercisesignification_video_fr (solution, videoLink, word_fr_id) values("Dieu", "https://www.youtube.com/embed/tSHuhgXpiuQ?rel=0", 7);
insert into exercisesignification_video_fr (solution, videoLink, word_fr_id) values("Dieu", "https://www.youtube.com/embed/tSHuhgXpiuQ?rel=0", 8);
insert into exercisesignification_video_fr (solution, videoLink, word_fr_id) values("Dieu", "https://www.youtube.com/embed/tSHuhgXpiuQ?rel=0", 9);
insert into exercisesignification_video_fr (solution, videoLink, word_fr_id) values("Dieu", "https://www.youtube.com/embed/tSHuhgXpiuQ?rel=0", 10);
insert into exercisesignification_video_fr (solution, videoLink, word_fr_id) values("Dieu", "https://www.youtube.com/embed/tSHuhgXpiuQ?rel=0", 11);
insert into exercisesignification_video_fr (solution, videoLink, word_fr_id) values("Dieu", "https://www.youtube.com/embed/tSHuhgXpiuQ?rel=0", 12);
insert into exercisesignification_video_fr (solution, videoLink, word_fr_id) values("Dieu", "https://www.youtube.com/embed/tSHuhgXpiuQ?rel=0", 13);
insert into exercisesignification_video_fr (solution, videoLink, word_fr_id) values("Dieu", "https://www.youtube.com/embed/tSHuhgXpiuQ?rel=0", 14);
insert into exercisesignification_video_fr (solution, videoLink, word_fr_id) values("Dieu", "https://www.youtube.com/embed/tSHuhgXpiuQ?rel=0", 15);
insert into exercisesignification_video_fr (solution, videoLink, word_fr_id) values("Dieu", "https://www.youtube.com/embed/tSHuhgXpiuQ?rel=0", 16);
insert into exercisesignification_video_fr (solution, videoLink, word_fr_id) values("Dieu", "https://www.youtube.com/embed/tSHuhgXpiuQ?rel=0", 17);
insert into exercisesignification_video_fr (solution, videoLink, word_fr_id) values("Dieu", "https://www.youtube.com/embed/tSHuhgXpiuQ?rel=0", 18);

insert into exerciseqcm_en (question, solution, word_en_id) values("I'm a question", 1, 1);
insert into exerciseqcm_en (question, solution, word_en_id) values("I'm a question", 5, 2);
insert into exerciseqcm_en (question, solution, word_en_id) values("I'm a question", 9, 3);
insert into exerciseqcm_en (question, solution, word_en_id) values("I'm a question", 10, 4);
insert into exerciseqcm_en (question, solution, word_en_id) values("I'm a question", 14, 5);
insert into exerciseqcm_en (question, solution, word_en_id) values("I'm a question", 18, 6);
insert into exerciseqcm_en (question, solution, word_en_id) values("I'm a question", 19, 7);
insert into exerciseqcm_en (question, solution, word_en_id) values("I'm a question", 23, 8);
insert into exerciseqcm_en (question, solution, word_en_id) values("I'm a question", 27, 9);
insert into exerciseqcm_en (question, solution, word_en_id) values("I'm a question", 28, 10);
insert into exerciseqcm_en (question, solution, word_en_id) values("I'm a question", 32, 11);
insert into exerciseqcm_en (question, solution, word_en_id) values("I'm a question", 36, 12);
insert into exerciseqcm_en (question, solution, word_en_id) values("I'm a question", 37, 13);
insert into exerciseqcm_en (question, solution, word_en_id) values("I'm a question", 41, 14);
insert into exerciseqcm_en (question, solution, word_en_id) values("I'm a question", 45, 15);
insert into exerciseqcm_en (question, solution, word_en_id) values("I'm a question", 46, 16);
insert into exerciseqcm_en (question, solution, word_en_id) values("I'm a question", 50, 17);
insert into exerciseqcm_en (question, solution, word_en_id) values("I'm a question", 54, 18);

insert into exerciseqcm_fr (question, solution, word_fr_id) values("Je suis une question", 1, 1);
insert into exerciseqcm_fr (question, solution, word_fr_id) values("Je suis une question", 5, 2);
insert into exerciseqcm_fr (question, solution, word_fr_id) values("Je suis une question", 9, 3);
insert into exerciseqcm_fr (question, solution, word_fr_id) values("Je suis une question", 10, 4);
insert into exerciseqcm_fr (question, solution, word_fr_id) values("Je suis une question", 14, 5);
insert into exerciseqcm_fr (question, solution, word_fr_id) values("Je suis une question", 18, 6);
insert into exerciseqcm_fr (question, solution, word_fr_id) values("Je suis une question", 19, 7);
insert into exerciseqcm_fr (question, solution, word_fr_id) values("Je suis une question", 23, 8);
insert into exerciseqcm_fr (question, solution, word_fr_id) values("Je suis une question", 27, 9);
insert into exerciseqcm_fr (question, solution, word_fr_id) values("Je suis une question", 28, 10);
insert into exerciseqcm_fr (question, solution, word_fr_id) values("Je suis une question", 32, 11);
insert into exerciseqcm_fr (question, solution, word_fr_id) values("Je suis une question", 36, 12);
insert into exerciseqcm_fr (question, solution, word_fr_id) values("Je suis une question", 37, 13);
insert into exerciseqcm_fr (question, solution, word_fr_id) values("Je suis une question", 41, 14);
insert into exerciseqcm_fr (question, solution, word_fr_id) values("Je suis une question", 45, 15);
insert into exerciseqcm_fr (question, solution, word_fr_id) values("Je suis une question", 46, 16);
insert into exerciseqcm_fr (question, solution, word_fr_id) values("Je suis une question", 50, 17);
insert into exerciseqcm_fr (question, solution, word_fr_id) values("Je suis une question", 54, 18);

insert into exerciseqcm_enonce_fr (enonces, qcm_fr_id) values("reponse1", 1);
insert into exerciseqcm_enonce_fr (enonces, qcm_fr_id) values("reponse2", 1);
insert into exerciseqcm_enonce_fr (enonces, qcm_fr_id) values("reponse3", 1);
insert into exerciseqcm_enonce_fr (enonces, qcm_fr_id) values("reponse1", 2);
insert into exerciseqcm_enonce_fr (enonces, qcm_fr_id) values("reponse2", 2);
insert into exerciseqcm_enonce_fr (enonces, qcm_fr_id) values("reponse3", 2);
insert into exerciseqcm_enonce_fr (enonces, qcm_fr_id) values("reponse1", 3);
insert into exerciseqcm_enonce_fr (enonces, qcm_fr_id) values("reponse2", 3);
insert into exerciseqcm_enonce_fr (enonces, qcm_fr_id) values("reponse3", 3);
insert into exerciseqcm_enonce_fr (enonces, qcm_fr_id) values("reponse1", 4);
insert into exerciseqcm_enonce_fr (enonces, qcm_fr_id) values("reponse2", 4);
insert into exerciseqcm_enonce_fr (enonces, qcm_fr_id) values("reponse3", 4);
insert into exerciseqcm_enonce_fr (enonces, qcm_fr_id) values("reponse1", 5);
insert into exerciseqcm_enonce_fr (enonces, qcm_fr_id) values("reponse2", 5);
insert into exerciseqcm_enonce_fr (enonces, qcm_fr_id) values("reponse3", 5);
insert into exerciseqcm_enonce_fr (enonces, qcm_fr_id) values("reponse1", 6);
insert into exerciseqcm_enonce_fr (enonces, qcm_fr_id) values("reponse2", 6);
insert into exerciseqcm_enonce_fr (enonces, qcm_fr_id) values("reponse3", 6);
insert into exerciseqcm_enonce_fr (enonces, qcm_fr_id) values("reponse1", 7);
insert into exerciseqcm_enonce_fr (enonces, qcm_fr_id) values("reponse2", 7);
insert into exerciseqcm_enonce_fr (enonces, qcm_fr_id) values("reponse3", 7);
insert into exerciseqcm_enonce_fr (enonces, qcm_fr_id) values("reponse1", 8);
insert into exerciseqcm_enonce_fr (enonces, qcm_fr_id) values("reponse2", 8);
insert into exerciseqcm_enonce_fr (enonces, qcm_fr_id) values("reponse3", 8);
insert into exerciseqcm_enonce_fr (enonces, qcm_fr_id) values("reponse1", 9);
insert into exerciseqcm_enonce_fr (enonces, qcm_fr_id) values("reponse2", 9);
insert into exerciseqcm_enonce_fr (enonces, qcm_fr_id) values("reponse3", 9);
insert into exerciseqcm_enonce_fr (enonces, qcm_fr_id) values("reponse1", 10);
insert into exerciseqcm_enonce_fr (enonces, qcm_fr_id) values("reponse2", 10);
insert into exerciseqcm_enonce_fr (enonces, qcm_fr_id) values("reponse3", 10);
insert into exerciseqcm_enonce_fr (enonces, qcm_fr_id) values("reponse1", 11);
insert into exerciseqcm_enonce_fr (enonces, qcm_fr_id) values("reponse2", 11);
insert into exerciseqcm_enonce_fr (enonces, qcm_fr_id) values("reponse3", 11);
insert into exerciseqcm_enonce_fr (enonces, qcm_fr_id) values("reponse1", 12);
insert into exerciseqcm_enonce_fr (enonces, qcm_fr_id) values("reponse2", 12);
insert into exerciseqcm_enonce_fr (enonces, qcm_fr_id) values("reponse3", 12);
insert into exerciseqcm_enonce_fr (enonces, qcm_fr_id) values("reponse1", 13);
insert into exerciseqcm_enonce_fr (enonces, qcm_fr_id) values("reponse2", 13);
insert into exerciseqcm_enonce_fr (enonces, qcm_fr_id) values("reponse3", 13);
insert into exerciseqcm_enonce_fr (enonces, qcm_fr_id) values("reponse1", 14);
insert into exerciseqcm_enonce_fr (enonces, qcm_fr_id) values("reponse2", 14);
insert into exerciseqcm_enonce_fr (enonces, qcm_fr_id) values("reponse3", 14);
insert into exerciseqcm_enonce_fr (enonces, qcm_fr_id) values("reponse1", 15);
insert into exerciseqcm_enonce_fr (enonces, qcm_fr_id) values("reponse2", 15);
insert into exerciseqcm_enonce_fr (enonces, qcm_fr_id) values("reponse3", 15);
insert into exerciseqcm_enonce_fr (enonces, qcm_fr_id) values("reponse1", 16);
insert into exerciseqcm_enonce_fr (enonces, qcm_fr_id) values("reponse2", 16);
insert into exerciseqcm_enonce_fr (enonces, qcm_fr_id) values("reponse3", 16);
insert into exerciseqcm_enonce_fr (enonces, qcm_fr_id) values("reponse1", 17);
insert into exerciseqcm_enonce_fr (enonces, qcm_fr_id) values("reponse2", 17);
insert into exerciseqcm_enonce_fr (enonces, qcm_fr_id) values("reponse3", 17);
insert into exerciseqcm_enonce_fr (enonces, qcm_fr_id) values("reponse1", 18);
insert into exerciseqcm_enonce_fr (enonces, qcm_fr_id) values("reponse2", 18);
insert into exerciseqcm_enonce_fr (enonces, qcm_fr_id) values("reponse3", 18);

insert into exerciseqcm_enonce_en (enonces, qcm_en_id) values("reponse1", 1);
insert into exerciseqcm_enonce_en (enonces, qcm_en_id) values("reponse2", 1);
insert into exerciseqcm_enonce_en (enonces, qcm_en_id) values("reponse3", 1);
insert into exerciseqcm_enonce_en (enonces, qcm_en_id) values("reponse1", 2);
insert into exerciseqcm_enonce_en (enonces, qcm_en_id) values("reponse2", 2);
insert into exerciseqcm_enonce_en (enonces, qcm_en_id) values("reponse3", 2);
insert into exerciseqcm_enonce_en (enonces, qcm_en_id) values("reponse1", 3);
insert into exerciseqcm_enonce_en (enonces, qcm_en_id) values("reponse2", 3);
insert into exerciseqcm_enonce_en (enonces, qcm_en_id) values("reponse3", 3);
insert into exerciseqcm_enonce_en (enonces, qcm_en_id) values("reponse1", 4);
insert into exerciseqcm_enonce_en (enonces, qcm_en_id) values("reponse2", 4);
insert into exerciseqcm_enonce_en (enonces, qcm_en_id) values("reponse3", 4);
insert into exerciseqcm_enonce_en (enonces, qcm_en_id) values("reponse1", 5);
insert into exerciseqcm_enonce_en (enonces, qcm_en_id) values("reponse2", 5);
insert into exerciseqcm_enonce_en (enonces, qcm_en_id) values("reponse3", 5);
insert into exerciseqcm_enonce_en (enonces, qcm_en_id) values("reponse1", 6);
insert into exerciseqcm_enonce_en (enonces, qcm_en_id) values("reponse2", 6);
insert into exerciseqcm_enonce_en (enonces, qcm_en_id) values("reponse3", 6);
insert into exerciseqcm_enonce_en (enonces, qcm_en_id) values("reponse1", 7);
insert into exerciseqcm_enonce_en (enonces, qcm_en_id) values("reponse2", 7);
insert into exerciseqcm_enonce_en (enonces, qcm_en_id) values("reponse3", 7);
insert into exerciseqcm_enonce_en (enonces, qcm_en_id) values("reponse1", 8);
insert into exerciseqcm_enonce_en (enonces, qcm_en_id) values("reponse2", 8);
insert into exerciseqcm_enonce_en (enonces, qcm_en_id) values("reponse3", 8);
insert into exerciseqcm_enonce_en (enonces, qcm_en_id) values("reponse1", 9);
insert into exerciseqcm_enonce_en (enonces, qcm_en_id) values("reponse2", 9);
insert into exerciseqcm_enonce_en (enonces, qcm_en_id) values("reponse3", 9);
insert into exerciseqcm_enonce_en (enonces, qcm_en_id) values("reponse1", 10);
insert into exerciseqcm_enonce_en (enonces, qcm_en_id) values("reponse2", 10);
insert into exerciseqcm_enonce_en (enonces, qcm_en_id) values("reponse3", 10);
insert into exerciseqcm_enonce_en (enonces, qcm_en_id) values("reponse1", 11);
insert into exerciseqcm_enonce_en (enonces, qcm_en_id) values("reponse2", 11);
insert into exerciseqcm_enonce_en (enonces, qcm_en_id) values("reponse3", 11);
insert into exerciseqcm_enonce_en (enonces, qcm_en_id) values("reponse1", 12);
insert into exerciseqcm_enonce_en (enonces, qcm_en_id) values("reponse2", 12);
insert into exerciseqcm_enonce_en (enonces, qcm_en_id) values("reponse3", 12);
insert into exerciseqcm_enonce_en (enonces, qcm_en_id) values("reponse1", 13);
insert into exerciseqcm_enonce_en (enonces, qcm_en_id) values("reponse2", 13);
insert into exerciseqcm_enonce_en (enonces, qcm_en_id) values("reponse3", 13);
insert into exerciseqcm_enonce_en (enonces, qcm_en_id) values("reponse1", 14);
insert into exerciseqcm_enonce_en (enonces, qcm_en_id) values("reponse2", 14);
insert into exerciseqcm_enonce_en (enonces, qcm_en_id) values("reponse3", 14);
insert into exerciseqcm_enonce_en (enonces, qcm_en_id) values("reponse1", 15);
insert into exerciseqcm_enonce_en (enonces, qcm_en_id) values("reponse2", 15);
insert into exerciseqcm_enonce_en (enonces, qcm_en_id) values("reponse3", 15);
insert into exerciseqcm_enonce_en (enonces, qcm_en_id) values("reponse1", 16);
insert into exerciseqcm_enonce_en (enonces, qcm_en_id) values("reponse2", 16);
insert into exerciseqcm_enonce_en (enonces, qcm_en_id) values("reponse3", 16);
insert into exerciseqcm_enonce_en (enonces, qcm_en_id) values("reponse1", 17);
insert into exerciseqcm_enonce_en (enonces, qcm_en_id) values("reponse2", 17);
insert into exerciseqcm_enonce_en (enonces, qcm_en_id) values("reponse3", 17);
insert into exerciseqcm_enonce_en (enonces, qcm_en_id) values("reponse1", 18);
insert into exerciseqcm_enonce_en (enonces, qcm_en_id) values("reponse2", 18);
insert into exerciseqcm_enonce_en (enonces, qcm_en_id) values("reponse3", 18);


insert into exerciseqcm_video_en (solution, videoLink, word_en_id) values(1, "https://www.youtube.com/embed/tSHuhgXpiuQ?rel=0", 1);
insert into exerciseqcm_video_en (solution, videoLink, word_en_id) values(5, "https://www.youtube.com/embed/tSHuhgXpiuQ?rel=0", 2);
insert into exerciseqcm_video_en (solution, videoLink, word_en_id) values(9, "https://www.youtube.com/embed/tSHuhgXpiuQ?rel=0", 3);
insert into exerciseqcm_video_en (solution, videoLink, word_en_id) values(10, "https://www.youtube.com/embed/tSHuhgXpiuQ?rel=0", 4);
insert into exerciseqcm_video_en (solution, videoLink, word_en_id) values(14, "https://www.youtube.com/embed/tSHuhgXpiuQ?rel=0", 5);
insert into exerciseqcm_video_en (solution, videoLink, word_en_id) values(18, "https://www.youtube.com/embed/tSHuhgXpiuQ?rel=0", 6);
insert into exerciseqcm_video_en (solution, videoLink, word_en_id) values(19, "https://www.youtube.com/embed/tSHuhgXpiuQ?rel=0", 7);
insert into exerciseqcm_video_en (solution, videoLink, word_en_id) values(23, "https://www.youtube.com/embed/tSHuhgXpiuQ?rel=0", 8);
insert into exerciseqcm_video_en (solution, videoLink, word_en_id) values(27, "https://www.youtube.com/embed/tSHuhgXpiuQ?rel=0", 9);
insert into exerciseqcm_video_en (solution, videoLink, word_en_id) values(28, "https://www.youtube.com/embed/tSHuhgXpiuQ?rel=0", 10);
insert into exerciseqcm_video_en (solution, videoLink, word_en_id) values(32, "https://www.youtube.com/embed/tSHuhgXpiuQ?rel=0", 11);
insert into exerciseqcm_video_en (solution, videoLink, word_en_id) values(36, "https://www.youtube.com/embed/tSHuhgXpiuQ?rel=0", 12);
insert into exerciseqcm_video_en (solution, videoLink, word_en_id) values(37, "https://www.youtube.com/embed/tSHuhgXpiuQ?rel=0", 13);
insert into exerciseqcm_video_en (solution, videoLink, word_en_id) values(41, "https://www.youtube.com/embed/tSHuhgXpiuQ?rel=0", 14);
insert into exerciseqcm_video_en (solution, videoLink, word_en_id) values(45, "https://www.youtube.com/embed/tSHuhgXpiuQ?rel=0", 15);
insert into exerciseqcm_video_en (solution, videoLink, word_en_id) values(46, "https://www.youtube.com/embed/tSHuhgXpiuQ?rel=0", 16);
insert into exerciseqcm_video_en (solution, videoLink, word_en_id) values(50, "https://www.youtube.com/embed/tSHuhgXpiuQ?rel=0", 17);
insert into exerciseqcm_video_en (solution, videoLink, word_en_id) values(54, "https://www.youtube.com/embed/tSHuhgXpiuQ?rel=0", 18);


insert into exerciseqcm_video_fr (solution, videoLink, word_fr_id) values(1, "https://www.youtube.com/embed/tSHuhgXpiuQ?rel=0", 1);
insert into exerciseqcm_video_fr (solution, videoLink, word_fr_id) values(5, "https://www.youtube.com/embed/tSHuhgXpiuQ?rel=0", 2);
insert into exerciseqcm_video_fr (solution, videoLink, word_fr_id) values(9, "https://www.youtube.com/embed/tSHuhgXpiuQ?rel=0", 3);
insert into exerciseqcm_video_fr (solution, videoLink, word_fr_id) values(10, "https://www.youtube.com/embed/tSHuhgXpiuQ?rel=0", 4);
insert into exerciseqcm_video_fr (solution, videoLink, word_fr_id) values(14, "https://www.youtube.com/embed/tSHuhgXpiuQ?rel=0", 5);
insert into exerciseqcm_video_fr (solution, videoLink, word_fr_id) values(18, "https://www.youtube.com/embed/tSHuhgXpiuQ?rel=0", 6);
insert into exerciseqcm_video_fr (solution, videoLink, word_fr_id) values(19, "https://www.youtube.com/embed/tSHuhgXpiuQ?rel=0", 7);
insert into exerciseqcm_video_fr (solution, videoLink, word_fr_id) values(23, "https://www.youtube.com/embed/tSHuhgXpiuQ?rel=0", 8);
insert into exerciseqcm_video_fr (solution, videoLink, word_fr_id) values(27, "https://www.youtube.com/embed/tSHuhgXpiuQ?rel=0", 9);
insert into exerciseqcm_video_fr (solution, videoLink, word_fr_id) values(28, "https://www.youtube.com/embed/tSHuhgXpiuQ?rel=0", 10);
insert into exerciseqcm_video_fr (solution, videoLink, word_fr_id) values(32, "https://www.youtube.com/embed/tSHuhgXpiuQ?rel=0", 11);
insert into exerciseqcm_video_fr (solution, videoLink, word_fr_id) values(36, "https://www.youtube.com/embed/tSHuhgXpiuQ?rel=0", 12);
insert into exerciseqcm_video_fr (solution, videoLink, word_fr_id) values(37, "https://www.youtube.com/embed/tSHuhgXpiuQ?rel=0", 13);
insert into exerciseqcm_video_fr (solution, videoLink, word_fr_id) values(41, "https://www.youtube.com/embed/tSHuhgXpiuQ?rel=0", 14);
insert into exerciseqcm_video_fr (solution, videoLink, word_fr_id) values(45, "https://www.youtube.com/embed/tSHuhgXpiuQ?rel=0", 15);
insert into exerciseqcm_video_fr (solution, videoLink, word_fr_id) values(46, "https://www.youtube.com/embed/tSHuhgXpiuQ?rel=0", 16);
insert into exerciseqcm_video_fr (solution, videoLink, word_fr_id) values(50, "https://www.youtube.com/embed/tSHuhgXpiuQ?rel=0", 17);
insert into exerciseqcm_video_fr (solution, videoLink, word_fr_id) values(54, "https://www.youtube.com/embed/tSHuhgXpiuQ?rel=0", 18);

insert into exerciseqcm_enonce_video_fr (enonces, qcm_video_fr_id) values("reponse1", 1);
insert into exerciseqcm_enonce_video_fr (enonces, qcm_video_fr_id) values("reponse2", 1);
insert into exerciseqcm_enonce_video_fr (enonces, qcm_video_fr_id) values("reponse3", 1);
insert into exerciseqcm_enonce_video_fr (enonces, qcm_video_fr_id) values("reponse1", 2);
insert into exerciseqcm_enonce_video_fr (enonces, qcm_video_fr_id) values("reponse2", 2);
insert into exerciseqcm_enonce_video_fr (enonces, qcm_video_fr_id) values("reponse3", 2);
insert into exerciseqcm_enonce_video_fr (enonces, qcm_video_fr_id) values("reponse1", 3);
insert into exerciseqcm_enonce_video_fr (enonces, qcm_video_fr_id) values("reponse2", 3);
insert into exerciseqcm_enonce_video_fr (enonces, qcm_video_fr_id) values("reponse3", 3);
insert into exerciseqcm_enonce_video_fr (enonces, qcm_video_fr_id) values("reponse1", 4);
insert into exerciseqcm_enonce_video_fr (enonces, qcm_video_fr_id) values("reponse2", 4);
insert into exerciseqcm_enonce_video_fr (enonces, qcm_video_fr_id) values("reponse3", 4);
insert into exerciseqcm_enonce_video_fr (enonces, qcm_video_fr_id) values("reponse1", 5);
insert into exerciseqcm_enonce_video_fr (enonces, qcm_video_fr_id) values("reponse2", 5);
insert into exerciseqcm_enonce_video_fr (enonces, qcm_video_fr_id) values("reponse3", 5);
insert into exerciseqcm_enonce_video_fr (enonces, qcm_video_fr_id) values("reponse1", 6);
insert into exerciseqcm_enonce_video_fr (enonces, qcm_video_fr_id) values("reponse2", 6);
insert into exerciseqcm_enonce_video_fr (enonces, qcm_video_fr_id) values("reponse3", 6);
insert into exerciseqcm_enonce_video_fr (enonces, qcm_video_fr_id) values("reponse1", 7);
insert into exerciseqcm_enonce_video_fr (enonces, qcm_video_fr_id) values("reponse2", 7);
insert into exerciseqcm_enonce_video_fr (enonces, qcm_video_fr_id) values("reponse3", 7);
insert into exerciseqcm_enonce_video_fr (enonces, qcm_video_fr_id) values("reponse1", 8);
insert into exerciseqcm_enonce_video_fr (enonces, qcm_video_fr_id) values("reponse2", 8);
insert into exerciseqcm_enonce_video_fr (enonces, qcm_video_fr_id) values("reponse3", 8);
insert into exerciseqcm_enonce_video_fr (enonces, qcm_video_fr_id) values("reponse1", 9);
insert into exerciseqcm_enonce_video_fr (enonces, qcm_video_fr_id) values("reponse2", 9);
insert into exerciseqcm_enonce_video_fr (enonces, qcm_video_fr_id) values("reponse3", 9);
insert into exerciseqcm_enonce_video_fr (enonces, qcm_video_fr_id) values("reponse1", 10);
insert into exerciseqcm_enonce_video_fr (enonces, qcm_video_fr_id) values("reponse2", 10);
insert into exerciseqcm_enonce_video_fr (enonces, qcm_video_fr_id) values("reponse3", 10);
insert into exerciseqcm_enonce_video_fr (enonces, qcm_video_fr_id) values("reponse1", 11);
insert into exerciseqcm_enonce_video_fr (enonces, qcm_video_fr_id) values("reponse2", 11);
insert into exerciseqcm_enonce_video_fr (enonces, qcm_video_fr_id) values("reponse3", 11);
insert into exerciseqcm_enonce_video_fr (enonces, qcm_video_fr_id) values("reponse1", 12);
insert into exerciseqcm_enonce_video_fr (enonces, qcm_video_fr_id) values("reponse2", 12);
insert into exerciseqcm_enonce_video_fr (enonces, qcm_video_fr_id) values("reponse3", 12);
insert into exerciseqcm_enonce_video_fr (enonces, qcm_video_fr_id) values("reponse1", 13);
insert into exerciseqcm_enonce_video_fr (enonces, qcm_video_fr_id) values("reponse2", 13);
insert into exerciseqcm_enonce_video_fr (enonces, qcm_video_fr_id) values("reponse3", 13);
insert into exerciseqcm_enonce_video_fr (enonces, qcm_video_fr_id) values("reponse1", 14);
insert into exerciseqcm_enonce_video_fr (enonces, qcm_video_fr_id) values("reponse2", 14);
insert into exerciseqcm_enonce_video_fr (enonces, qcm_video_fr_id) values("reponse3", 14);
insert into exerciseqcm_enonce_video_fr (enonces, qcm_video_fr_id) values("reponse1", 15);
insert into exerciseqcm_enonce_video_fr (enonces, qcm_video_fr_id) values("reponse2", 15);
insert into exerciseqcm_enonce_video_fr (enonces, qcm_video_fr_id) values("reponse3", 15);
insert into exerciseqcm_enonce_video_fr (enonces, qcm_video_fr_id) values("reponse1", 16);
insert into exerciseqcm_enonce_video_fr (enonces, qcm_video_fr_id) values("reponse2", 16);
insert into exerciseqcm_enonce_video_fr (enonces, qcm_video_fr_id) values("reponse3", 16);
insert into exerciseqcm_enonce_video_fr (enonces, qcm_video_fr_id) values("reponse1", 17);
insert into exerciseqcm_enonce_video_fr (enonces, qcm_video_fr_id) values("reponse2", 17);
insert into exerciseqcm_enonce_video_fr (enonces, qcm_video_fr_id) values("reponse3", 17);
insert into exerciseqcm_enonce_video_fr (enonces, qcm_video_fr_id) values("reponse1", 18);
insert into exerciseqcm_enonce_video_fr (enonces, qcm_video_fr_id) values("reponse2", 18);
insert into exerciseqcm_enonce_video_fr (enonces, qcm_video_fr_id) values("reponse3", 18);

insert into exerciseqcm_enonce_video_en (enonces, qcm_video_en_id) values("reponse1", 1);
insert into exerciseqcm_enonce_video_en (enonces, qcm_video_en_id) values("reponse2", 1);
insert into exerciseqcm_enonce_video_en (enonces, qcm_video_en_id) values("reponse3", 1);
insert into exerciseqcm_enonce_video_en (enonces, qcm_video_en_id) values("reponse1", 2);
insert into exerciseqcm_enonce_video_en (enonces, qcm_video_en_id) values("reponse2", 2);
insert into exerciseqcm_enonce_video_en (enonces, qcm_video_en_id) values("reponse3", 2);
insert into exerciseqcm_enonce_video_en (enonces, qcm_video_en_id) values("reponse1", 3);
insert into exerciseqcm_enonce_video_en (enonces, qcm_video_en_id) values("reponse2", 3);
insert into exerciseqcm_enonce_video_en (enonces, qcm_video_en_id) values("reponse3", 3);
insert into exerciseqcm_enonce_video_en (enonces, qcm_video_en_id) values("reponse1", 4);
insert into exerciseqcm_enonce_video_en (enonces, qcm_video_en_id) values("reponse2", 4);
insert into exerciseqcm_enonce_video_en (enonces, qcm_video_en_id) values("reponse3", 4);
insert into exerciseqcm_enonce_video_en (enonces, qcm_video_en_id) values("reponse1", 5);
insert into exerciseqcm_enonce_video_en (enonces, qcm_video_en_id) values("reponse2", 5);
insert into exerciseqcm_enonce_video_en (enonces, qcm_video_en_id) values("reponse3", 5);
insert into exerciseqcm_enonce_video_en (enonces, qcm_video_en_id) values("reponse1", 6);
insert into exerciseqcm_enonce_video_en (enonces, qcm_video_en_id) values("reponse2", 6);
insert into exerciseqcm_enonce_video_en (enonces, qcm_video_en_id) values("reponse3", 6);
insert into exerciseqcm_enonce_video_en (enonces, qcm_video_en_id) values("reponse1", 7);
insert into exerciseqcm_enonce_video_en (enonces, qcm_video_en_id) values("reponse2", 7);
insert into exerciseqcm_enonce_video_en (enonces, qcm_video_en_id) values("reponse3", 7);
insert into exerciseqcm_enonce_video_en (enonces, qcm_video_en_id) values("reponse1", 8);
insert into exerciseqcm_enonce_video_en (enonces, qcm_video_en_id) values("reponse2", 8);
insert into exerciseqcm_enonce_video_en (enonces, qcm_video_en_id) values("reponse3", 8);
insert into exerciseqcm_enonce_video_en (enonces, qcm_video_en_id) values("reponse1", 9);
insert into exerciseqcm_enonce_video_en (enonces, qcm_video_en_id) values("reponse2", 9);
insert into exerciseqcm_enonce_video_en (enonces, qcm_video_en_id) values("reponse3", 9);
insert into exerciseqcm_enonce_video_en (enonces, qcm_video_en_id) values("reponse1", 10);
insert into exerciseqcm_enonce_video_en (enonces, qcm_video_en_id) values("reponse2", 10);
insert into exerciseqcm_enonce_video_en (enonces, qcm_video_en_id) values("reponse3", 10);
insert into exerciseqcm_enonce_video_en (enonces, qcm_video_en_id) values("reponse1", 11);
insert into exerciseqcm_enonce_video_en (enonces, qcm_video_en_id) values("reponse2", 11);
insert into exerciseqcm_enonce_video_en (enonces, qcm_video_en_id) values("reponse3", 11);
insert into exerciseqcm_enonce_video_en (enonces, qcm_video_en_id) values("reponse1", 12);
insert into exerciseqcm_enonce_video_en (enonces, qcm_video_en_id) values("reponse2", 12);
insert into exerciseqcm_enonce_video_en (enonces, qcm_video_en_id) values("reponse3", 12);
insert into exerciseqcm_enonce_video_en (enonces, qcm_video_en_id) values("reponse1", 13);
insert into exerciseqcm_enonce_video_en (enonces, qcm_video_en_id) values("reponse2", 13);
insert into exerciseqcm_enonce_video_en (enonces, qcm_video_en_id) values("reponse3", 13);
insert into exerciseqcm_enonce_video_en (enonces, qcm_video_en_id) values("reponse1", 14);
insert into exerciseqcm_enonce_video_en (enonces, qcm_video_en_id) values("reponse2", 14);
insert into exerciseqcm_enonce_video_en (enonces, qcm_video_en_id) values("reponse3", 14);
insert into exerciseqcm_enonce_video_en (enonces, qcm_video_en_id) values("reponse1", 15);
insert into exerciseqcm_enonce_video_en (enonces, qcm_video_en_id) values("reponse2", 15);
insert into exerciseqcm_enonce_video_en (enonces, qcm_video_en_id) values("reponse3", 15);
insert into exerciseqcm_enonce_video_en (enonces, qcm_video_en_id) values("reponse1", 16);
insert into exerciseqcm_enonce_video_en (enonces, qcm_video_en_id) values("reponse2", 16);
insert into exerciseqcm_enonce_video_en (enonces, qcm_video_en_id) values("reponse3", 16);
insert into exerciseqcm_enonce_video_en (enonces, qcm_video_en_id) values("reponse1", 17);
insert into exerciseqcm_enonce_video_en (enonces, qcm_video_en_id) values("reponse2", 17);
insert into exerciseqcm_enonce_video_en (enonces, qcm_video_en_id) values("reponse3", 17);
insert into exerciseqcm_enonce_video_en (enonces, qcm_video_en_id) values("reponse1", 18);
insert into exerciseqcm_enonce_video_en (enonces, qcm_video_en_id) values("reponse2", 18);
insert into exerciseqcm_enonce_video_en (enonces, qcm_video_en_id) values("reponse3", 18);


insert into exercisereformulation_en (question, solution, word_en_id) values("has my car a father blue", "my father has a blue car", 1);
insert into exercisereformulation_en (question, solution, word_en_id) values("is sentence words of a composed", "a sentence is composed of words", 2);
insert into exercisereformulation_en (question, solution, word_en_id) values("yes me he said", "he said me yes", 3);
insert into exercisereformulation_en (question, solution, word_en_id) values("chicken I tonight eat to want", "I want to eat chicken tonight", 4);
insert into exercisereformulation_en (question, solution, word_en_id) values("my will books sell I", "I will sell my books", 5);
insert into exercisereformulation_en (question, solution, word_en_id) values("Earth is this named planet", "this planet is named Earth", 6);
insert into exercisereformulation_en (question, solution, word_en_id) values("mouse a little this is", "this is a little mouse", 7);
insert into exercisereformulation_en (question, solution, word_en_id) values("yellow tiny a duck", "a tiny yellow duck", 8);
insert into exercisereformulation_en (question, solution, word_en_id) values("you ? a send can me mail", "can you send me a mail ?", 9);
insert into exercisereformulation_en (question, solution, word_en_id) values("shoot game this up a is them", "this game is a shoot them up", 10);
insert into exercisereformulation_en (question, solution, word_en_id) values("I no not do", "no I do not", 11);
insert into exercisereformulation_en (question, solution, word_en_id) values("morning how ? you everybody, good are", "good morning everybody, how are you ?", 12);
insert into exercisereformulation_en (question, solution, word_en_id) values("afternoon Pickers good Mr", "good afternoon Mr Pickers", 13);
insert into exercisereformulation_en (question, solution, word_en_id) values("draws you me your can show", "can you show me your draws ?", 14);
insert into exercisereformulation_en (question, solution, word_en_id) values("please the open you ? door can", "can you open the door please ?", 15);
insert into exercisereformulation_en (question, solution, word_en_id) values("door close you can ? please the", "can you close the door please ?", 16);
insert into exercisereformulation_en (question, solution, word_en_id) values("my I draw to pencil take will", "I will take my pencil to draw", 17);
insert into exercisereformulation_en (question, solution, word_en_id) values("rules there respect to are", "there are rules to respect", 18);

insert into exercisereformulation_fr (question, solution, word_fr_id) values("a mon voiture une père bleu", "mon père a une voiture bleu", 1);
insert into exercisereformulation_fr (question, solution, word_fr_id) values("est phrase mots de une composée", "une phrase est composée de mots", 2);
insert into exercisereformulation_fr (question, solution, word_fr_id) values("oui m'a il dit", "il m'a dit oui", 3);
insert into exercisereformulation_fr (question, solution, word_fr_id) values("poulet je ce soir manger du veux", "je veux manger du poulet ce soir", 4);
insert into exercisereformulation_fr (question, solution, word_fr_id) values("mes vais livres vendre je", "je vais vendre mes livres", 5);
insert into exercisereformulation_fr (question, solution, word_fr_id) values("Terre cette s'appelle la planète", "cette planète s'appelle la Terre", 6);
insert into exercisereformulation_fr (question, solution, word_fr_id) values("souris une petite c'est", "c'est une petite souris", 7);
insert into exercisereformulation_fr (question, solution, word_fr_id) values("et jaune mignon un canard", "un canard jaune et mignon", 8);
insert into exercisereformulation_fr (question, solution, word_fr_id) values("tu ? un m'envoyer peux- mail", "peux-tu m'envoyer un mail ?", 9);
insert into exercisereformulation_fr (question, solution, word_fr_id) values("tirer les il monstres faut sur", "il faut tirer sur les monstres", 10);
insert into exercisereformulation_fr (question, solution, word_fr_id) values("veux non je pas ne", "non je ne veux pas", 11);
insert into exercisereformulation_fr (question, solution, word_fr_id) values("Bonjour comment ? vous tout le monde, allez-", "Bonjour tout le monde, comment allez-vous ?", 12);
insert into exercisereformulation_fr (question, solution, word_fr_id) values("Pickers Bonsoir Mr", "Bonsoir Mr Pickers", 13);
insert into exercisereformulation_fr (question, solution, word_fr_id) values("dessins tu me tes peux- montrer", "Peux-tu me montrer tes dessins ?", 14);
insert into exercisereformulation_fr (question, solution, word_fr_id) values("s'il la te tu ouvrir tu plaît ? porte peux-", "Peux-tu ouvrir la porte s'il te plaît ?", 15);
insert into exercisereformulation_fr (question, solution, word_fr_id) values("s'il la te tu fermer tu plaît ? porte peux-", "Peux-tu fermer la porte s'il te plaît ?", 16);
insert into exercisereformulation_fr (question, solution, word_fr_id) values("mon je dessiner pour crayon prendre vais", "Je vais prendre mon crayon pour dessiner", 17);
insert into exercisereformulation_fr (question, solution, word_fr_id) values("règles y il respecter a à des", "il y a des règles à respecter", 18);


insert into exercisecomparaison_video_fr (word_fr_id, videoLink, contextSentence) values(1, "https://www.youtube.com/embed/tSHuhgXpiuQ?rel=0", "Mon père a une voiture bleu");
insert into exercisecomparaison_video_fr (word_fr_id, videoLink, contextSentence) values(2, "https://www.youtube.com/embed/tSHuhgXpiuQ?rel=0", "j'adore apprendre des mots");
insert into exercisecomparaison_video_fr (word_fr_id, videoLink, contextSentence) values(3, "https://www.youtube.com/embed/tSHuhgXpiuQ?rel=0", "Oui je suis d'accord");
insert into exercisecomparaison_video_fr (word_fr_id, videoLink, contextSentence) values(4, "https://www.youtube.com/embed/tSHuhgXpiuQ?rel=0", "Ce soir je mange de la viande");
insert into exercisecomparaison_video_fr (word_fr_id, videoLink, contextSentence) values(5, "https://www.youtube.com/embed/tSHuhgXpiuQ?rel=0", "Mes jouets sont à vendre");
insert into exercisecomparaison_video_fr (word_fr_id, videoLink, contextSentence) values(6, "https://www.youtube.com/embed/tSHuhgXpiuQ?rel=0", "La Terre est ronde");
insert into exercisecomparaison_video_fr (word_fr_id, videoLink, contextSentence) values(7, "https://www.youtube.com/embed/tSHuhgXpiuQ?rel=0", "Les souris ont peur des chats");
insert into exercisecomparaison_video_fr (word_fr_id, videoLink, contextSentence) values(8, "https://www.youtube.com/embed/tSHuhgXpiuQ?rel=0", "Un canard nage dans un lac");
insert into exercisecomparaison_video_fr (word_fr_id, videoLink, contextSentence) values(9, "https://www.youtube.com/embed/tSHuhgXpiuQ?rel=0", "Je vais t'envoyer un colis demain");
insert into exercisecomparaison_video_fr (word_fr_id, videoLink, contextSentence) values(10, "https://www.youtube.com/embed/tSHuhgXpiuQ?rel=0", "tirer sur des cibles");
insert into exercisecomparaison_video_fr (word_fr_id, videoLink, contextSentence) values(11, "https://www.youtube.com/embed/tSHuhgXpiuQ?rel=0", "Non je ne suis pas d'accord");
insert into exercisecomparaison_video_fr (word_fr_id, videoLink, contextSentence) values(12, "https://www.youtube.com/embed/tSHuhgXpiuQ?rel=0", "Bonjour tout le monde");
insert into exercisecomparaison_video_fr (word_fr_id, videoLink, contextSentence) values(13, "https://www.youtube.com/embed/tSHuhgXpiuQ?rel=0", "Bonsoir tout le monde");
insert into exercisecomparaison_video_fr (word_fr_id, videoLink, contextSentence) values(14, "https://www.youtube.com/embed/tSHuhgXpiuQ?rel=0", "Montre-moi ton dessin");
insert into exercisecomparaison_video_fr (word_fr_id, videoLink, contextSentence) values(15, "https://www.youtube.com/embed/tSHuhgXpiuQ?rel=0", "Peux-tu ouvrir la porte ?");
insert into exercisecomparaison_video_fr (word_fr_id, videoLink, contextSentence) values(16, "https://www.youtube.com/embed/tSHuhgXpiuQ?rel=0", "Peux-tu fermer la porte ?");
insert into exercisecomparaison_video_fr (word_fr_id, videoLink, contextSentence) values(17, "https://www.youtube.com/embed/tSHuhgXpiuQ?rel=0", "J'utilise un crayon pour dessiner");
insert into exercisecomparaison_video_fr (word_fr_id, videoLink, contextSentence) values(18, "https://www.youtube.com/embed/tSHuhgXpiuQ?rel=0", "Il y a des règles à respecter");


insert into exercisecomparaison_video_en (word_en_id, videoLink, contextSentence) values(1, "https://www.youtube.com/embed/tSHuhgXpiuQ?rel=0", "My father have a blue car");
insert into exercisecomparaison_video_en (word_en_id, videoLink, contextSentence) values(2, "https://www.youtube.com/embed/tSHuhgXpiuQ?rel=0", "I love to learn words");
insert into exercisecomparaison_video_en (word_en_id, videoLink, contextSentence) values(3, "https://www.youtube.com/embed/tSHuhgXpiuQ?rel=0", "Yes i'm agree");
insert into exercisecomparaison_video_en (word_en_id, videoLink, contextSentence) values(4, "https://www.youtube.com/embed/tSHuhgXpiuQ?rel=0", "Tonight I will eat meat");
insert into exercisecomparaison_video_en (word_en_id, videoLink, contextSentence) values(5, "https://www.youtube.com/embed/tSHuhgXpiuQ?rel=0", "My toys are for sale");
insert into exercisecomparaison_video_en (word_en_id, videoLink, contextSentence) values(6, "https://www.youtube.com/embed/tSHuhgXpiuQ?rel=0", "Earth is round");
insert into exercisecomparaison_video_en (word_en_id, videoLink, contextSentence) values(7, "https://www.youtube.com/embed/tSHuhgXpiuQ?rel=0", "Mouses are afraid of cats");
insert into exercisecomparaison_video_en (word_en_id, videoLink, contextSentence) values(8, "https://www.youtube.com/embed/tSHuhgXpiuQ?rel=0", "A duck swing in a lake");
insert into exercisecomparaison_video_en (word_en_id, videoLink, contextSentence) values(9, "https://www.youtube.com/embed/tSHuhgXpiuQ?rel=0", "I will send you a package tomorrow");
insert into exercisecomparaison_video_en (word_en_id, videoLink, contextSentence) values(10, "https://www.youtube.com/embed/tSHuhgXpiuQ?rel=0", "To shoot on target");
insert into exercisecomparaison_video_en (word_en_id, videoLink, contextSentence) values(11, "https://www.youtube.com/embed/tSHuhgXpiuQ?rel=0", "No I'm not agree");
insert into exercisecomparaison_video_en (word_en_id, videoLink, contextSentence) values(12, "https://www.youtube.com/embed/tSHuhgXpiuQ?rel=0", "Good morning everybody");
insert into exercisecomparaison_video_en (word_en_id, videoLink, contextSentence) values(13, "https://www.youtube.com/embed/tSHuhgXpiuQ?rel=0", "Good afternoon everybody");
insert into exercisecomparaison_video_en (word_en_id, videoLink, contextSentence) values(14, "https://www.youtube.com/embed/tSHuhgXpiuQ?rel=0", "Show me your draws");
insert into exercisecomparaison_video_en (word_en_id, videoLink, contextSentence) values(15, "https://www.youtube.com/embed/tSHuhgXpiuQ?rel=0", "Can you open the door ?");
insert into exercisecomparaison_video_en (word_en_id, videoLink, contextSentence) values(16, "https://www.youtube.com/embed/tSHuhgXpiuQ?rel=0", "Can you close the door ?");
insert into exercisecomparaison_video_en (word_en_id, videoLink, contextSentence) values(17, "https://www.youtube.com/embed/tSHuhgXpiuQ?rel=0", "I use a pencil to draw");
insert into exercisecomparaison_video_en (word_en_id, videoLink, contextSentence) values(18, "https://www.youtube.com/embed/tSHuhgXpiuQ?rel=0", "There are rules to respect");


insert into comparaisonfren (comparaison_video_fr_id, comparaison_video_en_id) values(1, 1);
insert into comparaisonfren (comparaison_video_fr_id, comparaison_video_en_id) values(2, 2);
insert into comparaisonfren (comparaison_video_fr_id, comparaison_video_en_id) values(3, 3);
insert into comparaisonfren (comparaison_video_fr_id, comparaison_video_en_id) values(4, 4);
insert into comparaisonfren (comparaison_video_fr_id, comparaison_video_en_id) values(5, 5);
insert into comparaisonfren (comparaison_video_fr_id, comparaison_video_en_id) values(6, 6);
insert into comparaisonfren (comparaison_video_fr_id, comparaison_video_en_id) values(7, 7);
insert into comparaisonfren (comparaison_video_fr_id, comparaison_video_en_id) values(8, 8);
insert into comparaisonfren (comparaison_video_fr_id, comparaison_video_en_id) values(9, 9);
insert into comparaisonfren (comparaison_video_fr_id, comparaison_video_en_id) values(10, 10);
insert into comparaisonfren (comparaison_video_fr_id, comparaison_video_en_id) values(11, 11);
insert into comparaisonfren (comparaison_video_fr_id, comparaison_video_en_id) values(12, 12);
insert into comparaisonfren (comparaison_video_fr_id, comparaison_video_en_id) values(13, 13);
insert into comparaisonfren (comparaison_video_fr_id, comparaison_video_en_id) values(14, 14);
insert into comparaisonfren (comparaison_video_fr_id, comparaison_video_en_id) values(15, 15);
insert into comparaisonfren (comparaison_video_fr_id, comparaison_video_en_id) values(16, 16);
insert into comparaisonfren (comparaison_video_fr_id, comparaison_video_en_id) values(17, 17);
insert into comparaisonfren (comparaison_video_fr_id, comparaison_video_en_id) values(18, 18);


insert into user (username, password, roles, email, is_active) values("admin", "$2y$10$Y2RtgK9A.3fMoWt20Y7aWuaKTnODJ1LVLVeQHlB9MuU5Kzt70UKNC", "ROLE_ADMIN", "monemail@gmail.com", 1);
insert into user (username, password, roles, email, is_active) values("test", "$2y$10$3bU/Ue.3mYyX.F5E.5kWiuaCNjXwjEJVqpXEO08CmF6SVDNFlS77a", "ROLE_ADMIN", "test@gmail.com", 1);
insert into user (username, password, roles, email, is_active) values("Jean", "$2y$10$Driv0zWKhOpuJhLKefoUouhiBk5wuPYdDd7GC6zA9VaKKBAzR9/bq", "ROLE_ADMIN", "jean.jean@gmail.com", 1);


insert into logos (image, nom_image) values("logo_lacces_2.png", "logo_lacces_2.png");
insert into logos (image, nom_image) values("logo_lacces_white_2.png", "logo_lacces_white_2.png");